subject_id,chron_card,chron_diab
1000002,1,1
1000003,1,1
1000004,1,1
1000005,0,1
1000006,1,0
1000007,0,1
1000009,1,1
1000010,1,0
1000011,1,1
1000012,1,1
1000013,0,1
1000014,1,0
1000016,0,1
1000019,1,1
1000020,1,0
1000021,1,1
1000022,0,1
1000023,1,0
1000024,0,1
1000025,1,1
1000026,1,0
1000027,1,1
1000029,0,1
1000030,1,1
1000033,1,0
1000034,1,1
1000035,1,0
1000036,1,0
1000037,1,1
1000038,1,0
1000040,0,1
1000041,1,1
1000043,0,1
1000044,1,1
1000045,1,1
1000047,0,1
1000048,1,0
1000049,1,1
1000051,0,1
1000052,1,0
1000053,1,1
1000054,0,1
1000055,1,1
1000057,1,0
1000059,1,0
1000061,1,0
1000062,1,0
1000063,1,1
1000064,1,1
1000065,0,1
1000066,0,1
1000067,1,1
1000068,1,1
1000069,0,1
1000070,1,1
1000071,1,0
1000072,1,1
1000073,1,1
1000074,0,1
1000075,1,0
1000076,0,1
1000077,1,1
1000078,1,1
1000079,1,1
1000081,1,1
1000082,1,1
1000084,0,1
1000085,1,0
1000087,1,1
1000089,1,1
1000090,0,1
1000091,1,0
1000092,0,1
1000094,1,1
1000095,0,1
1000097,0,1
1000098,1,0
1000099,1,0
1000100,0,1
1000001,0,0
1000008,0,0
1000015,0,0
1000017,0,0
1000018,0,0
1000028,0,0
1000031,0,0
1000032,0,0
1000039,0,0
1000042,0,0
1000046,0,0
1000050,0,0
1000056,0,0
1000058,0,0
1000060,0,0
1000080,0,0
1000083,0,0
1000088,0,0
1000086,0,0
1000093,0,0
1000096,0,0
